{"cameraMode":{"drawMode":0,"name":"Shaded","section":"Shading Mode"},"sceneLighting":false,"audioPlay":false,"sceneViewState":{"m_AlwaysRefresh":true,"showFog":true,"showSkybox":false,"showFlares":true,"showImageEffects":true,"showParticleSystems":true,"showVisualEffectGraphs":true,"m_FxEnabled":true},"in2DMode":false,"pivot":{"x":-26.540000915527345,"y":3.9059998989105226,"z":-14.640000343322754},"rotation":{"x":0.20760096609592439,"y":0.04986480623483658,"z":-0.010596588253974915,"w":0.9768849611282349},"size":1.4686766862869263,"orthographic":true}